acct_id,dsply_nm
1,李杰灵
2,Openclaw
3,腾讯qq
4,君君君幸
5,Muamuamiaomiao
6,幸运的大闸蟹
7,蚊2010
8,二般人生2035
9,央视新闻调查
10,北京
11,龙虾
12,董劭杰
13,互联网技术主管
14,房产交易
15,钟本聪dylan
16,首席体验官偶尔卸载少玩
17,红衣大叔周鸿祎
18,罗永浩
19,歌者阿白
20,犇垚森1981
21,小龙虾
22,安菲尔德流川枫
23,Lily_jiayi
24,设计师-木里
25,白鹿视频
26,#微信龙虾插件#
27,微信
28,Clawbot
29,腾讯张军
30,一缕清风明月01_
31,花花ailife
32,股盗船长
33,军哥de微博
34,满身傲气就是本航
35,兮冉989
36,Neimengguzn
37,人民日报
38,如何破解养龙虾焦虑
39,不会养龙虾真的会掉队吗
40,菏泽市牡丹区人民检察院
41,流云上的阳光
42,山东高法
43,兰坪县融媒体中心
44,河南省开封市卫生健康委
45,文明开封
46,文明河南
47,中国文明网
48,麒麟神侯
49,悠然可得不自得
50,瓦力2025
51,钱多多爱我我爱钱多多
52,荔枝新闻
53,Copaw
54,苏州市长鼓励大家养龙虾
55,苏州市长谈养龙虾爆火出圈
56,吴庆文
57,狭路相逢勇者yf上岸
58,微时故剑好感人
59,Aobex
60,Feixia.com
61,肥虾智能体
62,交易者简放
63,文史趣谈君
64,风吹半夏jy
65,观世少语
66,Jessica29785
67,互联网的那些事
68,互联网的那点事
69,跪舔夜叉女王
70,Cherry12_33
71,梨视频
72,国家互联网应急中心
73,月中行者
74,Ai agent
75,Evelyn_baby
76,甜猫酱酱酱
77,风的方向freedom
78,玉渊谭天
79,老艾观察
80,大侠啊啊啊啊
81,刘洪明稳健投资
82,T6xtqfgy08
83,海那个角
84,腾讯
85,下午去发呆吗
86,用户5657777845
87,Glglxglgl
88,飞龙中医
89,胡萝卜芝卷
90,点校长身十万松
91,呼贝小红
92,洪榕
93,遥远的大地_
94,星河_8899
95,模型预测
96,Chris克瑞丝公主
97,一晃眼就过去
98,橘猫fund
99,老李不惑80
100,新侠客行
101,福田良德
102,Moli_45787
103,姑苏小方
104,Arungg
105,海量服务666
106,极端交易研究者
107,西里森森
108,秋芝
109,图灵的猫
110,Ai超元域
111,林亦lyi
112,海菱
113,龙虾管家
114,李浩源_鲤太史
115,Marcoven
116,我的印象笔记
117,飞象网项立
118,山山水水走一波
119,早晨20
120,一只红色大兔子
121,新黄河
122,全国人大会议上开始讨论养龙虾了
123,高文呼吁大家抓住养龙虾机会
124,公务员养上政务龙虾了
125,高文
126,快乐阿虎虎
127,午夜南瓜api
128,7908507334
129,齁甜齁甜的椰枣
130,工信部
131,但斌
132,Agi
133,Agent
134,跟傅盛学ai
135,霜叶
136,财丰丰
137,黄河1776
138,统吃
139,麦子俊i
140,微信clawbot
141,Prajnar
142,児肅·
143,全想买回家
144,_十七号月台
145,鳞蓝
146,下次看海再约你
147,央视频
148,北京小伙靠龙虾36小时搞定买房
149,以后买房砍价可以带上ai了
150,Ai
151,靖远融媒
152,马玉平高山流水
153,姜盛磊
154,听雨zah
155,于忠国
156,August画竹
157,北方故事人儿
158,甜甜的幸运小葡萄
159,晚风翻书人
160,江湖李傅相
161,风山行宇
162,耶耶苏打ai魂
163,一隅小园
164,Know_about_nothing
165,王甜甜的candy糖
166,野生11
167,Deepseek
168,即梦
169,坚强不屈的745
170,Win7
171,真梅川内裤
172,柴知道
173,Ita1k2th3rain
174,沐沐朝朝
175,穷苦的it男
176,张逸轩同学
177,Allenchina
178,温柔小美女她爸
179,远方的山川_
180,植物人史军
181,月之瞳alex
182,周鸿祎
183,Cincy画儿
184,欧阳打算换手气
185,楚惜刀
186,叫我科技暴龙
187,Openclaw小龙虾
188,绿泡泡
189,宋琦哥哥79
190,奶茶骆骆
191,咱m就思说
192,澎湃新闻
193,#普通人要不要养龙虾#
194,#养龙虾前你需要知道这些风险#
195,曹同学的蛙蛙呱呱呱呱呱
196,雷颐
197,漫步水云帘
198,猫在飞fly
199,Peter steinberger
200,Google
201,Gemini 3 flash preview
202,Gemini 3 flash
203,Anlee1
204,Wo爱蓝蓝天
205,理查德zzz
206,建安七子
207,Kimi2.5
208,Glm5
209,央视网
210,安丘融媒
211,小嘚嘚1026
212,颖姐看微博
213,东海的鱼-于文涛
214,二楼的永恒追捕
215,青松古藤
216,Value_at_risk
217,向前走不回头---
218,Obvious5584
219,喵与六便士
220,A周porsche
221,蔚蓝色的苗苗
222,村上野菜
223,风中点点三
224,知识星球
225,飞书
226,企业微信
227,我是nate同学
228,郭粑粑大王
229,拾贝港
230,朵云熙
231,片姊blue
232,杨小屁ing
233,涛哥爱拆机
234,小米
235,豆包手机
236,小爱同学
237,王希哈同学
238,苹果
239,Dawang王乐
240,Aray会忍术
241,移动
242,联通
243,电信
244,米聊
245,卓越网
246,Miclaw
247,Openai
248,英伟达
249,天涯浪客张弛
250,火木娃娃
251,西风凋碧树独上高楼望尽天涯明月
252,傅盛
253,金山
254,微博龙虾助手
255,杜子建
256,M人间一趟看看太阳
257,封面新闻
258,#龙虾热让苹果主机卖断货#
259,#养虾人抢爆苹果主机#
260,我的心像刀一样冰冷
261,云泥之间2001
262,美美桑捏
263,千问
264,赛文乔伊
265,陆锡鑫
266,Zoemom958
267,夜空蓝色玻璃球
268,我爱鹤城
269,就这样随记忆消失吧
270,末日狂欢mrkh
271,化蝶归
272,北京日报
273,Openclaw火了龙虾养了也要防
274,Openclaw失控删除200多封邮件
275,Manus
276,泡泡叔
277,阿夏kisna
278,官方发布openclaw风险提示
279,工信部提示openclaw安全隐患
280,Meta超级智能实验室
281,Summer yue
282,央视财经
283,#养龙虾热潮急转弯#
284,#养龙虾第一批受害者出现#
285,没赶时髦
286,Symmett-icole
287,在飞船听歌的玉米7368
288,Jiahua1
289,刘群mt-to-death
290,爱在冰天雪地时
291,6218853645
292,6195502410
293,害羞杨桃很爱猫
294,7765934967
295,Plqwang
296,三体天师
297,Ai龙虾
298,天天开心xjj
299,婺源发布
300,王子殿下wto
